USE SIMO;

INSERT INTO User(nuid, first_name, last_name, pass, user_status) VALUES
(1,Philipa,Dewire,hh5hzL,1),
(2,Camila,Shrimptone,xWCCZQbw,1)
(3,Heloise,Lawrenson,MVZvWXXHkMir,1),
(4,Deloris,Philipsson,ZaFSurg,1),
(5,Lorrie,Costa,XHB8Sqh5B,1),
(6,Stanislas,Cattrell,RJd07whTFO,1),
(7,Thorny,Devennie,XCw14s43NDK,1),
(8,Taber,Puxley,gUNxGex3CiK,1),
(9,Niki,Howgill,Dk03ziWPPK9v,1),
(10,Gasparo,Giacoboni,qfOF1Mc,1),
(11,Audry,Geffinger,2nwbZH,1),
(12,Ludovika,Attrey,QTjkGkC6z34,1),
(13,Sande,Pessolt,0ZRvkAY5V,1),
(14,Georges,Rodbourne,gCvLZx,1),
(15,Carry,Brecknall,RFZz2ujf,1),
(16,Elihu,Kuhnwald,CCLWd55,1),
(17,Katheryn,Phillis,TzT1rN,1),
(18,Bethanne,Mix,fN2vD7bp0,1),
(19,Olin,Fishley,cHN56M,1),
(20,Rodney,Haskew,UjrznEs,1),
(21,Shirleen,Ungerer,52pZRxGmi,1),
(22,Giacopo,Sidsaff,74JQT9L57F6D,1),
(23,Herman,Heitz,hkszqr,1),
(24,Wilhelmina,Stert,ZhSv6bR4,1),
(25,Jacquette,Stiegers,aNIlbimqaiQ2,1),
(26,Alexei,Furnell,s1810Kwjos,1),
(27,Stanford,Hallet,TcT5Iz9tETD,1),
(28,Eugenio,Philipsen,bKfGqq8,1),
(29,Esmeralda,Tuddall,JvRhrkzSUL,1),
(30,Brigitte,Huebner,LW3bxbXdhQJ,1),
(31,Britt,Souttar,qhs7SuNSg,1),
(32,Lou,Foyston,DOgZtkM,1),
(33,Bartholomew,Brotherick,spllpg4T,1),
(34,Morly,Gethyn,VZVBGmZUJ,1),
(35,Tessy,Cereceres,8bju9T,1),
(36,Rubin,Jako,LeZBnNAeZvpi,1),
(37,Dun,Lindblom,2E0BJOhsEv,1),
(38,Glory,Pischoff,d7QjUZViDWGt,1),
(39,Kayle,Martell,DRh2HHHrpN,1),
(40,Hurleigh,Reichartz,MjNob1du,1),
(41,Bailey,Rapelli,SEWFLlT9i,1),
(42,Siffre,Liveing,2cD0ZNxzc90a,1),
(43,Matty,Mooreed,93rzc03V29OG,1),
(44,Darrin,Floodgate,KhxaO5NB7lBn,1),
(45,Syman,Killby,1ksSn7l,1),
(46,Sutherlan,Clunan,5Rx5TZ,1),
(47,Lindsay,Dudman,l1JpzHmx,1),
(48,Riccardo,Benedit,MGCthb7,1),
(49,Timothee,Nipper,eFioTP,1),
(50,Christabel,Cardenosa,x4uFJzdu3C,1);

INERT INTO Buyer (buyer_id, phone_number, buyer_email, total_buyer_rating, street_address, city, state, zip_code, buyer_first_name, buyer_last_name) VALUES
(1,804-708-7526,tizen0@over-blog.com,6,7 Arrowood Park,Richmond,VA,23272,Philipa,Dewire),
(2,516-455-7358,mmitchiner1@ucla.edu,7,4787 Larry Parkway,Port Washington,NY,11054,Camila,Shrimptone),
(3,562-509-0617,mlansberry2@uol.com.br,7,342 Raven Trail,Long Beach,CA,90831,Heloise,Lawrenson),
(4,614-933-0796,vsines3@ustream.tv,6,4 Cambridge Circle,Columbus,OH,43210,Deloris,Philipsson),
(5,727-828-6227,itokley4@devhub.com,2,4 Lillian Center,Largo,FL,33777,Lorrie,Costa),
(6,520-388-8456,rkaradzas5@booking.com,2,414 Schlimgen Terrace,Tucson,AZ,85710,Stanislas,Cattrell),
(7,414-170-1374,gcauldfield6@hostgator.com,1,513 Mitchell Junction,Milwaukee,WI,53285,Thorny,Devennie),
(8,206-875-2586,kbenoiton7@hhs.gov,3,65337 Farragut Park,Seattle,WA,98185,Taber,Puxley),
(9,336-734-2531,mallanby8@wsj.com,4,2 Birchwood Pass,Greensboro,NC,27415,Niki,Howgill),
(10,219-707-5534,jrandle9@symantec.com,5,16 Hudson Drive,Gary,IN,46406,Gasparo,Giacoboni),
(11,281-658-3168,jlantopha@webs.com,1,67 Crowley Road,Humble,TX,77346,Audry,Geffinger),
(12,661-578-7201,cledramb@who.int,6,00415 Helena Park,Palmdale,CA,93591,Ludovika,Attrey),
(13,713-173-5280,ttabrettc@washington.edu,8,07503 Havey Circle,Spring,TX,77386,Sande,Pessolt),
(14,727-373-9876,icordalld@lycos.com,6,0 5th Street,Clearwater,FL,34620,Georges,Rodbourne),
(15,615-582-3902,kphaupe@shinystat.com,1,84 Daystar Drive,Nashville,TN,37215,Carry,Brecknall),
(16,804-796-4112,vstieblerf@simplemachines.org,9,162 Hazelcrest Pass,Richmond,VA,23277,Elihu,Kuhnwald),
(17,215-149-7594,bhaneyg@pbs.org,2,2648 Old Gate Plaza,Philadelphia,PA,19131,Katheryn,Phillis),
(18,718-532-7026,rcowsbyh@illinois.edu,4,505 Gulseth Street,Jamaica,NY,11436,Bethanne,Mix),
(19,559-983-9851,agerckei@newyorker.com,8,310 Artisan Lane,Fresno,CA,93709,Olin,Fishley),
(20,813-468-3425,nwattinghamj@etsy.com,3,33678 Dorton Trail,Tampa,FL,33661,Rodney,Haskew),
(21,971-892-1163,deriek@go.com,3,601 Sloan Avenue,Portland,OR,97229,Shirleen,Ungerer),
(22,305-894-1425,lmclemanl@nature.com,5,504 Troy Court,Homestead,FL,33034,Giacopo,Sidsaff),
(23,253-199-0822,rbrignallm@ucla.edu,8,1 Brickson Park Pass,Tacoma,WA,98411,Herman,Heitz),
(24,314-482-4132,earnizn@webeden.co.uk,7,32 Fremont Lane,Saint Louis,MO,63196,Wilhelmina,Stert),
(25,325-286-5358,mdarlastono@wsj.com,9,386 Aberg Drive,San Angelo,TX,76905,Jacquette,Stiegers);

INSERT INTO Seller (seller_id,phone_number,seller_email,street_address,city,state,zip_code,seller_first_name,seller_last_name) VALUES
(26,214-530-7125,zevesque0@geocities.com,139 Mccormick Trail,Dallas,TX,75353,Alexei,Furnell),
(27,206-574-0515,amapother1@mail.ru,87396 Bluestem Crossing,Seattle,WA,98185,Stanford,Hallet),
(28,860-508-2015,rrany2@pbs.org,88 Melby Circle,Hartford,CT,06183,Eugenio,Philipsen),
(29,210-561-2930,apresdee3@123-reg.co.uk,178 Basil Trail,San Antonio,TX,78220,Esmeralda,Tuddall),
(30,785-370-3713,ylepick4@topsy.com,71 Amoth Road,Topeka,KS,66642,Brigitte,Huebner),
(31,203-528-2959,zboar5@dedecms.com,1978 Sutherland Lane,New Haven,CT,06510,Britt,Souttar),
(32,323-880-9071,dmenendes6@dyndns.org,8277 Granby Place,Los Angeles,CA,90094,Lou,Foyston),
(33,718-130-1773,lpennoni7@unc.edu,70224 Onsgard Parkway,Bronx,NY,10464,Bartholomew,Brotherick),
(34,503-891-2810,gvale8@google.ca,412 Sachs Parkway,Salem,OR,97306,Morly,Gethyn),
(35,714-919-5377,screw9@ca.gov,2575 La Follette Crossing,Orange,CA,92862,Tessy,Cereceres),
(36,573-481-8579,jfranzottoa@microsoft.com,298 Ridgeway Road,Columbia,MO,65218,Rubin,Jako),
(37,702-659-8874,htoppb@opera.com,5606 Clyde Gallagher Way,Las Vegas,NV,89160,Dun,Lindblom),
(38,713-644-3168,cburtonwoodc@wunderground.com,268 Dexter Lane,Houston,TX,77218,Glory,Pischoff),
(39,323-326-3810,imaccartneyd@yellowpages.com,47 Monument Place,Van Nuys,CA,91406,Kayle,Martell),
(40,816-901-5605,jlangstrathe@furl.net,112 Maryland Parkway,Saint Joseph,MO,64504,Hurleigh,Reichartz),
(41,619-923-3503,rwatkissf@domainmarket.com,05437 Sage Trail,San Diego,CA,92145,Bailey,Rapelli),
(42,757-623-9305,bvokesg@forbes.com,627 Macpherson Street,Chesapeake,VA,23324,Siffre,Liveing),
(43,843-773-3013,kbydawayh@purevolume.com,76 Fairview Pass,Florence,SC,29505,Matty,Mooreed),
(44,505-759-7096,lfallensi@goodreads.com,08 Luster Avenue,Albuquerque,NM,87121,Darrin,Floodgate),
(45,559-476-8699,lsuscensj@51.la,39 Blaine Crossing,Fresno,CA,93709,Syman,Killby),
(46,951-916-5605,bdunkinsonk@mlb.com,534 School Way,Riverside,CA,92513,Sutherlan,Clunan),
(47,518-150-4340,jattridgel@unc.edu,51636 Melody Road,Albany,NY,12242,Lindsay,Dudman),
(48,202-228-5243,cancketillm@bing.com,98 Ridgeway Terrace,Washington,DC,20062,Riccardo,Benedit),
(49,916-630-2956,cnouryn@cargocollective.com,77 Spaight Place,Sacramento,CA,94245,Timothee,Nipper),
(50,336-833-4650,jfaillo@imdb.com,65111 Thompson Parkway,High Point,NC,27264,Christabel,Cardenosa);

INSERT INTO Orders (order_id,date,buyer_id,seller_id,total_price,seller_rating) VALUES
(1,1/27/2023,13,13,$6.36,10),
(2,10/26/2022,12,12,$149.47,7),
(3,7/21/2022,4,19,$13.07,9),
(4,4/18/2022,15,17,$86.26,9),
(5,5/17/2022,10,8,$111.57,8),
(6,11/7/2022,24,23,$158.98,1),
(7,7/2/2022,14,24,$75.38,2),
(8,1/26/2023,2,13,$144.95,5),
(9,9/11/2022,3,13,$24.67,7),
(10,5/2/2022,11,4,$184.24,5),
(11,1/22/2023,3,15,$92.34,4),
(12,5/12/2022,18,16,$108.09,9),
(13,7/26/2022,4,18,$92.57,1),
(14,2/2/2023,4,11,$110.13,6),
(15,2/1/2023,4,13,$160.98,2),
(16,1/11/2023,17,5,$131.64,10),
(17,2/1/2023,19,17,$45.18,10),
(18,1/30/2023,4,14,$194.82,9),
(19,4/17/2023,24,11,$172.30,9),
(20,1/18/2023,6,22,$33.37,8);

INSERT INTO Meeting_Location (name,street_address,city,state,zip_code) VALUES
(Snell,360 Huntington Ave,Boston,MA,02120),
(West H,440 Huntington Ave,Boston,MA,02120),
(Krentzman,350 Huntington Ave,Boston,MA,02120),
(ISEC,805 Columbus Ave,Boston,MA,02120);

INSERT INTO Category (category_id,description,name) VALUES
(1,household furniture ie bedframe,furniture),
(2,articles of clothing,clothes),
3,technological devices (including appliances),technology
4,other,other


INSERT INTO Order_Details (order_id,product_id,product_price,meeting_location_name,order_status) VALUES
(1,1,$91.31,Krentzman,1),
(2,2,$133.99,Snell,1),
(3,3,$103.00,Krentzman,0),
(4,4,$110.88,Krentzman,1),
(5,5,$25.38,West H,0),
(6,6,$2.10,Krentzman,1),
(7,7,$167.66,ISEC,1),
(8,8,$28.75,West H,0),
(9,9,$45.14,Krentzman,0),
(10,10,$115.00,Krentzman,0),
(11,11,$29.93,West H,0),
(12,12,$175.37,ISEC,0),
(13,13,$48.32,West H,1),
(14,14,$58.19,Krentzman,0),
(15,15,$123.51,Curry,1),
(16,16,$60.88,Curry,1),
(17,17,$108.83,Curry,1),
(18,18,$89.59,ISEC,1),
(19,19,$185.28,ISEC,1),
(20,20,$36.32,West H,0);



